annual_frequency_of_exceedence,return_period,nonstructural,structural
3.33333E-02,30,NAN,NAN
1.66667E-02,60,6.24765E+00,2.09775E+02
8.33333E-03,120,9.39226E+01,6.21017E+02
4.16667E-03,240,3.94999E+02,1.07414E+03
2.08333E-03,480,6.68428E+02,2.18551E+03
1.04167E-03,960,7.53566E+02,2.56287E+03
