annual_frequency_of_exceedence,return_period,nonstructural,structural
3.33333E-02,30,NAN,NAN
1.66667E-02,60,2.21782E+01,2.18947E+02
8.33333E-03,120,1.65952E+02,7.04133E+02
4.16667E-03,240,4.66206E+02,1.15851E+03
2.08333E-03,480,6.98065E+02,2.25379E+03
1.04167E-03,960,7.68289E+02,3.28091E+03
